,MP,MRR,MRecall,MAP
NCF_simple_metrics,0.008696000091731548,0.04808000102639198,0.08695700019598007,0.04808000102639198
NCF_metrics,0.015217,0.063027,0.152174,0.02072
